,Date,IV30,IV30 20-Day MA,OHLC 20-Day Vol,OHLC 52-Week Vol,Options Volume,Headline Polarity,Headline Subjectivity,Content Polarity,Content Subjectivity
0,2018-05-24,13.606,15.7817,17.5391,15.8804,582587.0,0.0,0.0,0.3535533905932738,0.21213203435596426
1,2018-05-16,14.946,17.421,19.3624,15.8934,632779.0,0.05892556509887894,0.4321208107251123,0.08838834764831845,0.2946278254943947
2,2018-05-14,14.203,17.6299,19.8736,15.8631,625592.0,0.10606601717798213,0.1767766952966369,0.0,0.0
3,2018-05-04,16.618,19.5661,21.4172,15.6377,1220982.0,0.1307229842934651,0.24274954500018353,0.1002533755241491,0.3307009457804189
4,2018-05-01,17.703,20.4993,22.4806,15.4929,761266.0,0.4,0.45,0.2637024194985376,0.2741288108504314
5,2018-03-21,18.527,16.9156,18.429,13.0627,878063.0,0.14142135623730953,0.14142135623730953,0.0,0.0
6,2018-02-09,26.437,17.9962,16.472,11.2488,1950757.0,0.11785113019775788,0.23570226039551584,0.0,0.0
7,2018-01-30,17.763,14.0575,12.1475,10.5108,1274115.0,0.8838834764831844,0.5303300858899106,0.1767766952966369,0.5303300858899106
8,2017-12-15,11.264,12.2648,12.2881,10.2169,915508.0,0.3535533905932738,0.4419417382415922,0.0,0.3535533905932738
9,2017-11-16,11.698,12.4572,10.1147,10.1752,691181.0,0.2121320343559643,0.1767766952966369,0.0,0.0
10,2017-11-15,13.324,12.4722,9.9412,10.2145,560333.0,0.16499158227686098,0.11785113019775796,0.0,0.0
11,2017-09-11,11.546,13.4153,12.6868,11.3185,750889.0,0.0,0.0,0.15451592625928262,0.02029658353405829
12,2017-08-11,15.794,12.9743,11.663,10.8483,1073355.0,0.0,0.0,0.0,0.04714045207910312
13,2017-07-31,13.477,13.6343,11.6392,10.6142,514667.0,0.07071067811865477,0.12374368670764581,0.08292434070278598,0.058282740752345796
14,2017-07-24,12.433,14.3561,13.2916,10.4927,637304.0,0.0,0.0,0.4831896338108075,0.5509540336745183
15,2017-06-27,15.822,12.9803,12.7841,10.5089,1283653.0,0.246415999504403,0.19284730395996755,0.19445436482630057,0.03535533905932735
16,2017-06-23,13.394,12.5225,12.3439,10.6527,776926.0,0.0,0.0,0.14142135623730953,0.21213203435596426
17,2017-06-09,16.002,11.1197,9.0822,10.4097,1913766.0,0.004523578734863437,0.29308028540088893,0.11785113019775788,0.41247895569215265
18,2017-06-05,10.59,10.5114,8.8483,10.4124,451862.0,0.09320953024731762,0.12535074757397885,0.02357022603955156,0.1649915822768611
19,2017-04-24,9.492,11.5106,8.5356,11.0134,536376.0,0.1,0.15000000000000002,0.2260819323242279,0.16703662642636563
20,2017-03-08,9.762,10.1987,6.859,11.723,420114.0,0.21213203435596428,0.3535533905932738,0.6010407640085654,0.0
21,2017-03-02,10.354,10.3645,7.0652,11.7991,486922.0,0.0,0.3535533905932738,0.41921330598916745,0.5429569926968133
22,2017-03-01,10.559,10.4014,6.769,11.9122,545701.0,0.3535533905932738,0.7071067811865476,0.0,0.0
23,2017-02-02,11.233,11.6073,8.3488,13.6236,295066.0,0.3535533905932738,0.7071067811865476,0.19445436482630057,0.07828682220279637
24,2016-12-15,14.087,13.5765,12.3996,16.3938,455426.0,0.07071067811865477,0.14142135623730953,0.010101525445522048,0.4404265094247639
25,2016-12-14,14.45,13.6266,12.7704,16.4176,456226.0,0.3535533905932738,0.3535533905932738,0.03214121732666121,0.2699862255439545
26,2016-12-09,13.086,13.9405,14.8033,16.515,590561.0,0.565685424949238,0.4949747468305833,0.42426406871192857,0.49497474683058323
27,2016-11-23,12.423,16.3229,16.0753,16.7153,327573.0,0.2946278254943948,0.25927248643506745,0.03658295499888735,0.12570787221094173
28,2016-11-02,19.279,14.8265,11.3586,16.5487,450541.0,0.37749172176353746,0.38297084310253526,0.0,0.05625
29,2016-10-28,16.77,14.0171,10.9063,16.5367,782879.0,0.05509922970284784,0.05050762722761051,0.49497474683058323,0.5303300858899106
30,2016-09-22,11.491,13.1983,14.211,17.5879,616669.0,0.6138972509392299,0.23141676475196105,0.23570226039551584,0.4714045207910317
31,2016-09-15,14.328,12.7699,12.8698,17.7709,735138.0,0.0393647910811108,0.27555353756777595,0.03652748973986821,0.25454604079820015
32,2016-09-02,11.772,12.0242,6.9045,17.9818,597036.0,0.0,0.7071067811865476,0.848528137423857,0.14142135623730953
33,2016-09-01,12.99,11.9896,6.8457,18.1091,388355.0,0.14142135623730953,0.29168154723945083,0.0,0.0
34,2016-08-30,12.351,11.9136,7.2087,18.3432,265030.0,0.0,0.0,0.02357022603955156,0.3064129385141707
35,2016-08-23,11.35,11.8087,7.282,19.2154,286694.0,0.08249579113843056,0.6246109900481169,0.09428090415820632,0.2514157444218835
36,2016-07-27,12.743,13.4249,12.1336,19.859,414308.0,0.14142135623730953,0.0,0.01671343300986389,0.06042548857412315
37,2016-07-26,13.194,13.6917,12.9406,19.8632,353271.0,0.09706434774573916,0.2272727272727272,0.2521521944514199,0.3559026084010437
38,2016-07-25,12.732,14.1262,16.4588,19.9228,318929.0,0.0,0.0,0.03535533905932738,0.12374368670764581
39,2016-07-21,12.714,14.796,16.8489,19.9916,480528.0,0.14593316142435134,0.34415653048839323,0.15877132402714708,0.30364538664918544
40,2016-07-20,12.163,15.124,16.6374,19.9813,570422.0,0.29860788111948194,0.30000000000000004,0.29112306682351874,0.4243614551630475
41,2016-07-19,12.738,15.3758,17.2522,19.9821,439722.0,0.25545023181950555,0.2556658244155927,0.121875,0.275
42,2016-07-18,12.467,15.5656,17.3946,19.9988,425684.0,0.2592724864350674,0.047140452079103216,0.05999693900976763,0.18427631267285785
43,2016-07-15,12.547,15.8375,17.7179,20.0174,351242.0,0.4459890693727818,0.2544397440128671,0.48277625942735286,0.4856267428111155
44,2016-07-14,13.041,16.066,17.6157,20.0129,419044.0,0.1675595915266576,0.28358014691532607,0.4270678969117143,0.3488121724361531
45,2016-07-13,13.348,16.2866,17.7406,20.0139,306087.0,0.0,0.0,0.0,0.3535533905932738
46,2016-07-12,13.171,16.4976,17.7557,20.0425,357236.0,0.3036009777965286,0.2933420985417189,0.13975424859373684,0.30745934690622106
47,2016-07-11,13.59,16.7083,18.0019,20.0846,389381.0,0.0,0.0,0.1597303711073183,0.010101525445522189
48,2016-07-08,12.509,16.7806,17.6648,20.106,434198.0,0.23094010767585033,0.40414518843273806,0.025458753860865786,0.21103799903580647
49,2016-07-07,14.24,16.8046,17.668,20.1395,356781.0,0.26369876191790703,0.2897955856832217,0.3948745698648191,0.2834966849371795
50,2016-07-06,14.336,16.7197,17.0597,20.1832,277696.0,0.5357583756107197,0.15030832509409647,0.36055512754639885,0.5091750772173156
51,2016-07-01,14.298,16.515,16.9627,20.194,372970.0,0.1120515754264774,0.3793268892247014,0.15997082102760773,0.25441775697016195
52,2016-06-29,16.272,16.3011,16.3286,20.1843,484048.0,0.32745688152680386,0.277054614217593,0.21635929051601316,0.2448189996560573
53,2016-06-28,18.077,16.1404,15.4503,20.2015,402312.0,0.2886751345948129,0.5196152422706632,0.07872958216222166,0.26243194054073893
54,2016-06-27,21.885,15.8687,14.7385,20.1645,563297.0,0.1691821194207013,0.35516651121509923,0.1649572197684645,0.28484988288976515
55,2016-06-21,17.201,14.5143,11.3798,19.8709,324347.0,0.04971590909090905,0.2822668715539596,0.24311507207823407,0.35979460876148095
56,2016-06-20,16.533,14.4002,10.7189,19.8321,297354.0,0.09575404328567833,0.058925565098878904,0.0,0.0
57,2016-06-17,17.905,14.3223,10.6265,19.8449,469836.0,0.014731391274719717,0.041247895569215244,0.0,0.0
58,2016-06-16,17.116,14.2524,10.3016,19.8246,558655.0,0.11547005383792516,0.1,0.2,0.2516611478423583
59,2016-06-15,17.454,14.1844,11.1172,19.8285,299550.0,0.4242640687119285,0.0,0.4861359120657514,0.07071067811865478
60,2016-06-13,17.386,13.9758,11.3112,19.8456,396132.0,0.28094229198995907,0.35472994422987936,0.3233474469182824,0.40161693355941996
61,2016-06-09,12.99,13.9228,11.4706,19.8498,440836.0,0.14999999999999997,0.38622100754188227,0.04890146788043419,0.2016983310245475
62,2016-06-07,12.606,14.0971,12.0804,19.8733,230123.0,0.25,0.5,0.282842712474619,0.43588989435406744
63,2016-06-03,12.599,14.421,12.5443,19.8797,435448.0,0.15152288168283154,0.45456864504849487,0.0,0.0
64,2016-06-02,12.778,14.6623,12.5387,19.8782,282769.0,0.2732003472766206,0.20891791262329823,0.09428090415820632,0.23570226039551584
65,2016-06-01,13.06,14.901,12.7508,19.8829,255377.0,0.7107800878846658,0.5773502691896258,0.4907477288111819,0.5773502691896258
66,2016-05-31,12.643,15.0929,12.9944,19.8931,231120.0,0.7071067811865476,0.3535533905932738,0.0964236519799837,0.0321412173266613
67,2016-05-24,13.386,15.7622,13.6053,19.8904,393987.0,0.18874586088176876,0.42426406871192857,0.27080128015453203,0.14142135623730953
68,2016-05-23,14.918,15.851,13.6134,19.8898,182493.0,0.7071067811865476,0.6717514421272202,0.04566731295163117,0.6025139031360374
69,2016-05-20,14.976,15.8468,14.2855,19.8864,485392.0,0.02499999999999995,0.3,0.5715476066494082,0.444175265707881
70,2016-05-18,15.754,15.7284,14.0478,19.8767,425635.0,0.27080128015453203,0.408248290463863,0.4576259254055716,0.3682285791480306
71,2016-05-16,14.784,15.5605,13.4849,19.8248,309746.0,0.1767766952966369,0.3623922253581056,0.0,0.0
72,2016-05-13,15.776,15.501,13.4158,19.8441,510025.0,0.11547005383792516,0.11547005383792516,0.2645751311064591,0.45
73,2016-05-11,15.036,15.3994,13.1892,19.8451,357112.0,0.1767766952966369,0.3535533905932738,0.0,0.0
74,2016-05-10,13.983,15.3872,12.9554,19.8227,363392.0,0.31541089594802296,0.09414987292604689,0.25,0.2254624876411447
75,2016-05-09,15.311,15.4857,13.2339,19.8429,366784.0,0.08084721274724983,0.2205927401905905,0.3021878810146078,0.3970104330500866
76,2016-05-04,17.551,15.4918,14.3624,19.8773,401097.0,0.0,0.05773502691896258,0.40414518843273806,0.25294560972960467
77,2016-05-03,16.899,15.2951,14.3607,19.8703,343880.0,0.03125,0.25,0.2846267673536958,0.4312436369155669
78,2016-05-02,15.647,15.2043,14.1777,19.8796,391950.0,0.25,0.5773502691896257,0.2995656578003115,0.4802343178074637
79,2016-04-29,17.442,15.1027,15.1488,19.8972,940405.0,0.0964236519799837,0.3214121732666125,0.15320646925708525,0.014731391274719707
80,2016-04-28,16.667,14.8894,14.4535,19.8689,496639.0,0.260768096208106,0.38987177379235854,0.22051077071199945,0.35881750236018306
81,2016-04-27,15.372,14.7602,14.1236,19.8566,487577.0,0.0,0.0,0.5773502691896258,0.5131601439446883
82,2016-04-26,15.162,14.6708,15.2396,19.8554,262835.0,0.25,0.2545875386086578,0.1892969448600091,0.32787192621510003
83,2016-04-25,14.834,14.5966,15.2385,19.8844,216231.0,0.35,0.25,0.01666666666666665,0.47404875511092975
84,2016-04-22,14.827,14.6171,14.4921,19.8411,689846.0,0.25574325861118774,0.23764222941451701,0.3315119509325586,0.21140926552783917
85,2016-04-21,14.289,14.6413,14.5423,19.8409,340931.0,0.13926871845906566,0.27734599131422766,0.35612679823882154,0.28680323623819587
86,2016-04-20,14.193,14.705,14.7373,19.8436,284368.0,0.14142135623730953,0.14142135623730953,0.24748737341529162,0.42426406871192857
87,2016-04-19,14.27,14.7332,14.5678,19.8561,383460.0,0.0,0.05773502691896258,0.12371791482634832,0.37115374447904514
88,2016-04-18,13.594,14.7627,14.3628,19.8791,256115.0,0.24968989030858665,0.2723596006497948,0.33949752141192907,0.29603481761622447
89,2016-04-15,14.448,14.8638,14.4766,19.8792,331757.0,0.08838834764831843,0.08249579113843049,0.3535533905932738,0.3535533905932738
90,2016-04-14,14.879,14.9381,14.8271,19.8801,411884.0,0.4474554371417693,0.41958482256172064,0.1399201055506142,0.32734678547745516
91,2016-04-13,14.793,14.9847,14.6096,19.8715,475918.0,0.10573853386667469,0.24368701822065109,0.08423044728413091,0.2484906125228134
92,2016-04-12,15.952,15.1052,14.5006,19.8643,284913.0,0.06123724356957946,0.15785013990068766,0.4353477769633701,0.323784220258387
93,2016-04-11,16.853,15.1659,14.8354,19.8504,456796.0,0.2233179429393423,0.2554297610305432,0.26874299273330027,0.23234532723216927
94,2016-04-08,15.907,15.2136,15.5211,19.8368,561207.0,0.3535533905932738,0.3535533905932738,0.21213203435596428,0.03535533905932741
95,2016-04-07,16.257,15.3929,15.1468,19.8206,593216.0,0.1691821194207013,0.35516651121509923,0.0,0.5033222956847166
96,2016-04-06,13.617,15.5889,14.4947,19.7712,403038.0,0.15679947097825656,0.142952422968179,0.03858688597095053,0.07385719704873492
97,2016-04-04,13.616,16.1709,14.8182,19.8004,279075.0,0.14142135623730953,0.14142135623730953,0.6042548857412315,0.2062394778460763
98,2016-04-01,13.176,16.4416,13.6449,19.7263,487421.0,0.0,0.0,0.0,0.31819805153394637
99,2016-03-31,14.083,16.7288,13.8345,19.7392,436535.0,0.1423133836768479,0.26932217744127196,0.17723577316705408,0.3755403771176663
100,2016-03-30,13.584,16.9398,15.9385,19.7446,498028.0,0.31937438845342625,0.46151923036857306,0.03726779962499648,0.447213595499958
101,2016-03-28,15.243,17.5548,15.125,19.6963,189695.0,0.27386127875258304,0.25980762113533157,0.24392621835300937,0.39465174521342233
102,2016-03-24,15.313,17.8404,15.1957,19.8675,291430.0,0.11180339887498944,0.2890597785157173,0.16284671988758348,0.2077178408054756
103,2016-03-23,15.562,18.1324,16.8343,19.8646,307448.0,0.26998622554395457,0.1574919649006402,0.29462782549439476,0.11785113019775784
104,2016-03-22,14.757,18.4646,17.1183,19.8497,314602.0,0.11547005383792516,0.23094010767585033,0.3281553754141826,0.2503441157857319
105,2016-03-21,14.861,18.8806,17.4585,19.8666,299880.0,0.14513361052398246,0.10945160594549529,0.08629652337776966,0.20781682003108096
106,2016-03-18,15.615,19.1999,17.6045,19.8651,456285.0,0.14142135623730953,0.14142135623730953,0.05892556509887894,0.24748737341529156
107,2016-03-17,15.934,19.5702,18.1754,19.8983,518296.0,0.5033222956847166,0.46188021535170065,0.0,0.5773502691896258
108,2016-03-16,15.811,19.991,18.7248,19.8825,350306.0,0.19245008972987526,0.5058912194592093,0.30830517889476544,0.5
109,2016-03-15,17.202,20.4229,19.5018,19.8964,165365.0,0.2041241452319315,0.2041241452319315,0.5187207722917542,0.3598490067155456
110,2016-03-14,17.167,20.8463,19.7853,19.8996,227442.0,0.09831920802501751,0.13291601358251257,0.30873066878808797,0.28072539677379027
111,2016-03-10,19.492,22.0784,20.5373,19.8125,561986.0,0.1788854381999832,0.40249223594996214,0.4381780460041329,0.46043457732885357
112,2016-03-09,20.176,22.6355,21.9415,19.8534,319463.0,0.6291528696058958,0.31666666666666665,0.32659863237109044,0.45
113,2016-03-08,20.768,23.2008,23.1589,19.8427,430961.0,0.07071067811865477,0.2710575994548432,0.05892556509887894,0.05892556509887894
114,2016-03-07,19.571,23.6786,25.0408,19.848,346077.0,0.07071067811865477,0.03535533905932738,0.2357022603955158,0.29462782549439487
115,2016-03-04,19.031,24.0963,25.2223,19.8352,771189.0,0.2394159560263267,0.37682887362833545,0.05477225575051661,0.0447213595499958
116,2016-03-03,18.92,24.3424,26.1627,19.8333,343296.0,0.062102731914906624,0.18741797512038344,0.23567016772128846,0.33054028038286465
117,2016-03-02,18.304,24.5903,26.6769,19.8318,562634.0,0.4193248541803042,0.4856267428111155,0.0,0.25
118,2016-03-01,18.457,24.8563,25.5553,19.6805,562448.0,0.04123930494211611,0.10763774595253046,0.2001301659753805,0.2724311839712921
119,2016-02-29,21.104,25.0007,26.3322,19.6756,361826.0,0.23570347786272486,0.24210324391931107,0.10434918582645784,0.3149695807167091
120,2016-02-26,20.955,25.0732,26.8478,19.6615,726878.0,0.10999438818457402,0.2042752923427804,0.0,0.2514157444218835
121,2016-02-25,21.153,25.28,27.6725,19.6538,413835.0,0.24795459560468217,0.26921525189307505,0.3500646967840323,0.3498687934575551
122,2016-02-24,22.207,25.5149,26.7695,19.5234,713035.0,0.11814539065631521,0.36324157862838946,0.24166666666666664,0.5057996968497839
123,2016-02-23,23.076,25.623,26.7641,19.4876,434157.0,0.3,0.5773502691896257,0.1,0.05773502691896258
124,2016-02-22,21.246,25.7223,27.5352,19.4681,341292.0,0.26715262195228023,0.3474697006034707,0.2342967615051276,0.3682285791480306
125,2016-02-19,23.021,25.8416,27.9386,19.4605,454552.0,0.18427786989579983,0.31545822051246164,0.0,0.0
126,2016-02-18,24.351,26.0626,29.2218,19.4108,551288.0,0.040824829046386304,0.040824829046386304,0.20032124406324275,0.3396015578689177
127,2016-02-17,24.449,26.2327,29.5838,19.3416,726138.0,0.0,0.0,0.09428090415820639,0.09428090415820632
128,2016-02-12,28.172,26.4095,31.2338,19.259,607966.0,0.2361887464866651,0.3101585838042178,0.17499999999999996,0.29166666666666663
129,2016-02-11,31.444,26.2093,32.1272,19.1722,802558.0,0.2886751345948129,0.31754264805429416,0.0,0.5773502691896258
130,2016-02-10,30.634,25.8932,31.6711,19.1031,574967.0,0.1818402324037406,0.2673294028891085,0.2468574626129373,0.2642854194654752
131,2016-02-09,31.483,25.4562,31.1323,18.9563,898660.0,0.0,0.0,0.18785397426261308,0.2357210496865015
132,2016-02-04,23.953,24.8426,30.3747,18.5453,,0.3535533905932738,0.3535533905932738,0.0021044844678170522,0.3809116886748961
133,2016-02-03,23.877,24.6993,29.581,18.4253,669271.0,0.07872958216222166,0.26243194054073893,0.0,0.5773502691896258
134,2016-02-01,21.345,24.3363,30.1954,18.3733,395997.0,0.2795499027868695,0.38188130791298663,0.15275252316519466,0.2081665999466133
135,2016-01-29,22.552,24.1745,29.5318,18.2954,613153.0,0.23094010767585033,0.35029749261639503,0.2886751345948129,0.2886751345948129
136,2016-01-28,25.092,23.8743,29.1593,18.3311,379850.0,0.1611430364282007,0.3000685792670977,0.15386724865393978,0.4324710973001548
137,2016-01-27,25.852,23.3947,28.3947,18.3326,755918.0,0.0,0.0,0.4143019316090373,0.35596041764505376
138,2016-01-26,24.368,22.9331,28.2481,18.32,439687.0,0.05773502691896258,0.23094010767585033,0.15396007178390017,0.34641016151377546
139,2016-01-25,25.062,22.5397,27.9802,18.2829,453587.0,0.458049624187761,0.40906004372900306,0.3002056908023621,0.36034105929292276
140,2016-01-22,23.631,22.101,26.9499,18.178,852083.0,0.371090734636872,0.45,0.17320508075688773,0.05773502691896258
141,2016-01-20,27.753,21.3734,25.2266,17.8678,1024031.0,0.400469117914593,0.3955290415843387,0.05139827241656478,0.3513367330638799
142,2016-01-19,26.18,21.0131,24.6322,17.7716,579363.0,0.34252752134778663,0.25100620555344333,0.05773502691896258,0.34641016151377546
143,2016-01-15,27.476,20.6299,23.1767,17.5904,996037.0,0.30516810452021503,0.4231471350988765,0.404949445607649,0.37060524959693514
144,2016-01-14,24.167,20.1243,22.3787,17.5006,915836.0,0.4195675571426275,0.4298605279179418,0.3236462784897224,0.37444609297362136
145,2016-01-13,25.121,19.8911,21.4271,17.3878,854983.0,0.12517205789286595,0.22765120001995023,0.0,0.0
146,2016-01-12,21.895,19.6555,21.1775,17.3906,653378.0,0.04898729556760458,0.15046097924335702,0.10103629710818451,0.25535922410074274
147,2016-01-11,23.47,19.7206,20.862,17.3299,752050.0,0.2645751311064591,0.4509249752822894,0.13621559198564606,0.375377896012558
148,2016-01-08,27.473,19.4725,20.5383,17.305,792959.0,0.05892556509887894,0.05892556509887894,0.19641855032959654,0.35748176159986567
149,2016-01-07,26.519,19.0438,18.8848,17.122,1061653.0,0.400277681394082,0.39965262694272663,0.24175511348138745,0.3908365484200001
150,2016-01-06,21.086,18.5534,19.06,17.0733,487156.0,0.09782591992346222,0.28229033602164005,0.18874586088176878,0.3403429642777023
151,2016-01-05,19.871,18.2857,19.9811,17.0912,452952.0,0.3228125676653468,0.3802630520519091,0.25,0.25
152,2016-01-04,20.371,18.0426,18.3823,16.9183,546758.0,0.1828404029410852,0.24932415533851046,0.23651109910530624,0.35915912335360917
153,2015-12-31,18.109,17.9323,18.3047,16.9465,429334.0,0.0,0.375,0.35160840749649636,0.33612545883058914
154,2015-12-30,16.548,17.8129,18.2068,16.9359,274824.0,0.0748702240816421,0.29070954505794466,0.14065128926648737,0.29632977331858024
155,2015-12-29,15.5,17.712,17.8626,16.9061,351294.0,0.3258069575854866,0.14337208778404376,0.12411773908617649,0.35163378049672606
156,2015-12-28,16.621,17.712,17.6806,16.8972,244411.0,0.3903524048856366,0.33424874303761,0.22484562605386738,0.221540621362269
157,2015-12-23,16.289,17.5495,18.0204,16.9013,345406.0,0.048211825989991894,0.19284730395996752,0.30641293851417056,0.5185449728701348
158,2015-12-22,17.348,17.4944,17.9857,16.8977,283007.0,0.2886751345948129,0.2645751311064591,0.02886751345948129,0.5291502622129182
159,2015-12-21,19.172,17.3809,17.7536,16.8795,366365.0,0.06039855575417412,0.26190655074341695,0.10574361809467141,0.22799125749247603
160,2015-12-18,20.547,17.1933,17.8414,16.8758,852652.0,0.41558192132638944,0.36055512754639896,0.14433756729740646,0.2886751345948129
161,2015-12-17,18.516,16.9936,16.8412,16.85,646762.0,0.05061603966209111,0.03026512781126994,0.27868801735862947,0.12409451654208041
162,2015-12-16,17.364,16.8788,17.2657,16.8592,441394.0,0.2631539473388153,0.3847076812334269,0.1857417562100671,0.4330127018922193
163,2015-12-15,19.503,16.9042,17.8216,16.9163,614744.0,0.2795499027868694,0.27148426050823593,0.22184523090170133,0.30112635775257757
164,2015-12-14,20.409,16.7953,17.5781,16.9059,729131.0,0.0,0.0,0.0,0.2886751345948129
165,2015-12-11,23.197,16.7699,16.837,16.856,1014035.0,0.12583057392117916,0.23648662948658625,0.14433756729740646,0.14433756729740646
166,2015-12-10,18.507,16.4578,16.8171,16.9041,443342.0,0.34226138716316973,0.3824524039273923,0.24168719124665755,0.27748192329940435
167,2015-12-09,18.9,16.3026,16.5223,16.9369,688856.0,0.25546910343506773,0.2919441812379169,0.08986777349295098,0.16359988370026465
168,2015-12-08,16.711,16.1121,16.1877,16.9068,513371.0,0.3751140341744704,0.405803223344672,0.2746287684242366,0.26579611401809417
169,2015-12-07,15.733,16.0429,16.2074,16.9024,348238.0,0.4669047011971501,0.3807886552931954,0.3492849839314596,0.521536192416212
170,2015-12-04,15.008,15.9686,14.8038,16.7699,719962.0,0.11318090543626119,0.219984138337958,0.23247233906370898,0.379788980121182
171,2015-12-03,18.165,15.962,13.4087,16.6466,717905.0,0.34064231986446514,0.2976291379635434,0.33385896057400577,0.27878705533475223
172,2015-12-02,15.721,15.7923,13.5399,16.6378,454878.0,0.2886751345948129,0.3608439182435161,0.24611320641056664,0.3043093098124004
173,2015-12-01,14.53,15.709,13.4239,16.6485,278276.0,0.11434438521305743,0.18616189191131466,0.22633567551361425,0.262731918929714
174,2015-11-30,15.5,15.6706,13.4112,16.6448,220730.0,0.4217153058560135,0.18455728962114243,0.18898223650461363,0.2699206232527312
175,2015-11-27,14.929,15.6626,13.5343,16.6482,119871.0,0.20412414523193154,0.20548046676563256,0.22500000000000003,0.38908725099762503
176,2015-11-25,14.942,15.673,13.6015,16.6489,158637.0,0.27041634565979916,0.14433756729740643,0.05773502691896258,0.34641016151377546
177,2015-11-24,15.187,15.6679,13.2312,16.6265,305092.0,0.223606797749979,0.27950849718747367,0.447213595499958,0.447213595499958
178,2015-11-23,15.077,15.7007,15.3415,16.6537,273305.0,0.3020163169913295,0.28761320373685767,0.3502419470703121,0.3753565797791096
179,2015-11-20,15.419,15.7087,16.0111,16.6714,437952.0,0.31399246780977064,0.24344328484578895,0.10743829245214268,0.18792896620804259
180,2015-11-19,16.554,15.67,16.4227,16.6726,428403.0,0.29039030736621513,0.3592793239988369,0.27243755655603397,0.3344772040064913
181,2015-11-18,16.22,15.5979,15.6023,16.6028,506898.0,0.0625,0.30000000000000004,0.2521233686236325,0.2590235478350419
182,2015-11-17,17.872,15.6264,15.6301,16.5967,412511.0,0.2701851217221259,0.32489314482696546,0.14273509355784236,0.23547259446831215
183,2015-11-16,17.325,15.5162,14.733,16.5217,460755.0,0.28284271247461906,0.28284271247461906,0.11785113019775792,0.007856742013183893
184,2015-11-13,19.901,15.3876,14.3294,16.437,977627.0,0.0,0.0,0.49497474683058323,0.3535533905932738
185,2015-11-12,16.954,15.188,14.252,16.4316,410208.0,0.23094010767585033,0.40414518843273806,0.49244289008980513,0.3333333333333333
186,2015-11-10,15.09,15.3291,14.0957,16.4161,335802.0,0.06458601774687103,0.17887388788919142,0.10615327841625298,0.36839240350876257
187,2015-11-09,15.326,15.4837,13.8492,16.4054,350237.0,0.35492166425156696,0.38313178670843084,0.28086368017056296,0.08605641696385223
188,2015-11-06,14.248,15.5873,14.288,16.3962,557863.0,0.33145630368119416,0.1767766952966369,0.014999234752441908,0.24855874732618033
189,2015-11-05,14.877,15.7491,14.4531,16.4074,367658.0,0.11785113019775792,0.32998316455372223,1.131370849898476,0.31819805153394637
190,2015-11-04,14.771,15.9119,14.5771,16.4114,320820.0,0.341768277573498,0.15320646925708534,0.4419417382415922,0.0
191,2015-11-03,14.053,16.1085,14.8327,16.405,397336.0,0.3919331196109024,0.5098249578073888,0.2065292255049012,0.3575465091045352
192,2015-11-02,13.763,16.3836,16.5875,16.4793,357032.0,0.1767766952966369,0.37712361663282534,0.21213203435596428,0.0
193,2015-10-30,15.34,16.6612,16.9877,16.4901,456543.0,0.030491836056815276,0.3252462512726967,0.18194016110310066,0.04832758586517181
194,2015-10-28,14.839,17.3957,18.3695,16.5274,549040.0,0.42328806363200233,0.43344171478598836,0.1486195215582684,0.24240162476746993
195,2015-10-27,15.843,17.867,19.9764,16.5301,352627.0,0.12517205789286595,0.22765120001995023,0.5773502691896258,0.5773502691896258
196,2015-10-26,15.238,18.3899,21.0818,16.5366,331782.0,0.18575765879119702,0.2284985879238548,0.26354509769395923,0.4427946811216567
197,2015-10-23,14.645,18.952,20.1101,16.3665,1098912.0,0.0,0.17857142857142855,0.24441682293437444,0.3595264374969653
198,2015-10-22,15.111,19.367,19.6453,16.3203,670063.0,0.3154362059117501,0.38987177379235854,0.16397831834998455,0.20159089485611417
199,2015-10-21,16.791,19.712,20.1102,16.3987,395157.0,0.41272206891907237,0.41154371429167846,0.08944271909999155,0.16244657241348273
200,2015-10-20,15.667,19.9195,20.4774,16.4658,324021.0,0.1,0.25,0.125,0.15000000000000002
201,2015-10-19,14.754,20.2171,21.0758,16.5245,265033.0,0.15877132402714708,0.23094010767585033,0.03871488851323986,0.38878222743635077
202,2015-10-16,15.907,20.458,21.8527,16.7309,461937.0,0.4845004011456912,0.32134510619866113,0.447213595499958,0.5477225575051661
203,2015-10-15,16.706,20.7234,21.5404,16.8828,526513.0,0.19442317540766174,0.24530130676143463,0.08956335598463858,0.2070379377865069
204,2015-10-14,18.475,20.8566,21.7066,16.9209,442871.0,0.17320508075688773,0.05773502691896258,0.1483486895649752,0.27745787739403543
205,2015-10-13,18.182,20.9255,21.7656,16.9735,392452.0,0.29663400940753587,0.391331695455107,0.30406188051266786,0.33869245688226357
206,2015-10-12,17.399,21.0623,22.0699,17.1135,295846.0,0.07872958216222166,0.26243194054073893,0.08196798155377502,0.1908193832843955
207,2015-10-09,17.482,21.3112,22.4085,17.1772,528188.0,0.09525793444156803,0.40023141454061945,0.28821342193593624,0.1875795923303778
208,2015-10-08,18.134,21.5772,23.5204,17.2381,698253.0,0.0,0.0,0.14142135623730953,0.0
209,2015-10-07,18.703,21.8736,24.4185,17.2484,519421.0,0.08430562268632458,0.23710547919536315,0.23897162596536212,0.4750138947269382
210,2015-10-06,19.556,22.1966,24.7975,17.2434,457940.0,0.06905307532260259,0.1883744164062238,0.14986219565304124,0.3762124568274904
211,2015-10-05,19.315,22.396,24.8566,17.2311,508293.0,0.46188021535170065,0.5773502691896258,0.28831406486676986,0.3605551275463989
212,2015-10-02,21.744,22.83,24.3385,17.0297,904959.0,0.08838834764831845,0.2651650429449553,0.2378450082172932,0.038569460791993436
213,2015-09-30,24.266,23.2042,24.8436,16.9626,637867.0,0.0039364791081110745,0.2466860241082946,0.25095471209706754,0.2530801983104556
214,2015-09-29,26.3,23.5624,24.5262,16.9404,699869.0,0.06666666666666665,0.31666666666666665,0.07074719280124261,0.22652528608117853
215,2015-09-25,22.944,23.6642,24.1193,16.7341,747409.0,0.11570838237598055,0.3149839298012803,0.0,0.3535533905932738
216,2015-09-23,20.942,24.2143,25.896,16.6771,422186.0,0.411926884046964,0.10265245933565001,0.33870669054835956,0.2991655060330318
217,2015-09-22,21.618,24.9997,26.3909,16.5987,544180.0,0.0,0.5773502691896258,0.45825756949558405,0.5773502691896258
218,2015-09-21,19.572,25.8612,27.0443,16.5703,462628.0,0.07872958216222166,0.26243194054073893,0.05196152422706632,0.11643230428657449
219,2015-09-16,19.852,25.9745,26.181,16.4523,486823.0,0.07071067811865477,0.28284271247461906,0.01767766952966369,0.42426406871192857
220,2015-09-15,20.917,25.7162,26.0234,16.4549,381085.0,0.0,0.0,0.10183501544346311,0.1261979632400061
221,2015-09-14,22.378,25.3787,25.9811,16.4452,240461.0,0.12480621690617659,0.2679054870898166,0.19551913426592163,0.20099442860581612
222,2015-09-11,22.803,24.9766,26.346,16.4263,599532.0,0.2267422259682502,0.38598119317070545,0.08839580433969847,0.278559985391715
223,2015-09-10,24.06,24.5944,26.2515,16.396,579338.0,0.11547005383792516,0.2081665999466133,0.15396007178390017,0.33678765702728175
224,2015-09-09,25.164,24.1694,25.0416,16.2241,603072.0,0.16822997024302955,0.3494979509563416,0.3909395588387797,0.35000516023149875
225,2015-09-08,23.543,23.6742,24.0112,16.0695,629043.0,0.267843477722177,0.34283965148438666,0.24748737341529162,0.3535533905932738
226,2015-09-04,27.996,23.1537,24.0703,16.0004,803452.0,0.15644994094610126,0.2718419975378057,0.20566472667421554,0.4114138593148797
227,2015-09-03,26.372,22.4976,23.8999,15.9765,652976.0,0.1732050807568877,0.47258156262526085,0.02926570486903538,0.18111025903003378
228,2015-09-02,26.278,21.9175,22.7471,15.8406,638261.0,0.25084889887744616,0.3375582590180434,0.14433756729740646,0.3608439182435161
229,2015-09-01,31.43,21.2141,21.4251,15.6502,822645.0,0.0964236519799837,0.3214121732666125,0.04821182598999182,0.20490026045746548
230,2015-08-31,27.185,20.275,21.2634,15.628,502943.0,0.08459105971035061,0.20491549020686983,0.17320508075688773,0.40097617510784256
231,2015-08-28,27.634,19.5326,21.2643,15.6103,713883.0,0.21213203435596426,0.31819805153394637,0.4596194077712559,0.42426406871192857
232,2015-08-27,26.797,18.76,20.442,15.5107,977826.0,0.1347702057553355,0.1361522187797924,0.04714653903788364,0.47052956509165755
233,2015-08-26,29.158,18.025,19.055,15.3292,973255.0,0.0,0.0707106781186547,0.12963624321753375,0.011785113019775828
234,2015-08-25,36.649,17.2,17.652,15.1652,941874.0,0.1794543305393082,0.25391448673685263,0.20833333333333334,0.25
235,2015-08-24,38.848,16.031,16.9521,14.9911,1182509.0,0.08660254037844387,0.23094010767585033,0.1520271189556626,0.02533785315927714
236,2015-08-21,27.092,14.8773,15.5847,14.8336,1547056.0,0.07205014443200078,0.2966106823200931,0.07216878364870323,0.06254627916220945
237,2015-08-20,19.626,14.2315,15.1026,14.6842,1005067.0,0.07872958216222166,0.23481793545195254,0.0,0.5773502691896258
238,2015-08-19,15.707,13.8992,14.9008,14.6688,646830.0,0.21602468994692867,0.3190970333090965,0.056249999999999974,0.3145764348029479
239,2015-08-18,14.688,13.7372,14.9239,14.6743,299067.0,0.3828089598278989,0.3020219967177514,0.20535893234224228,0.20951866653199272
240,2015-08-17,14.166,13.6403,14.8525,14.6531,361537.0,0.06984606089266752,0.268741924943285,0.2083182673615757,0.23006148866660217
241,2015-08-14,14.336,13.5465,15.1625,14.6513,434440.0,0.23935677693908453,0.5773502691896257,0.2,0.30000000000000004
242,2015-08-13,15.158,13.4223,15.1039,14.6585,575053.0,0.23396765501598168,0.10795367597335742,0.07267486362195073,0.24355900240869968
243,2015-08-12,15.561,13.2587,14.1175,14.5649,975128.0,0.24748737341529162,0.5480077554195744,0.03142696805273541,0.053033008588991036
244,2015-08-11,15.26,13.1464,14.3061,14.5375,643282.0,0.5042320894191483,0.4306971093471606,0.08914678371815268,0.3542107106789514
245,2015-08-10,13.133,13.0424,14.8087,14.5277,394921.0,0.25206629081649606,0.2756177353771375,0.2610543673567814,0.4390238892231743
246,2015-08-07,14.874,13.074,15.3309,14.5336,685046.0,0.025712973861328953,0.3214121732666125,0.04821182598999182,0.20490026045746548
247,2015-08-06,14.77,13.1649,14.9252,14.4755,853274.0,0.3535533905932738,0.3535533905932738,0.23688077169749341,0.4893768181461898
248,2015-08-05,12.211,13.4332,15.9366,14.4696,507468.0,0.24079113750473968,0.47501631115969967,0.0,0.0
249,2015-08-04,12.646,13.8098,16.1955,14.4759,360039.0,0.17293758240303755,0.4725815626252608,0.18409090909090906,0.36363636363636365
250,2015-08-03,12.338,13.9501,16.0748,14.4779,378934.0,0.07872958216222166,0.26243194054073893,0.07501714481677442,0.1750073484641742
251,2015-07-31,12.182,14.1379,16.3935,14.5491,441918.0,0.21908902300206645,0.27386127875258304,0.2353390451734847,0.2278858663981732
252,2015-07-30,12.096,14.3947,16.4269,14.5385,405712.0,0.05773502691896251,0.308223765541768,0.15396007178390017,0.32716515254078793
253,2015-07-29,12.659,14.6252,17.3809,14.5396,432822.0,0.13258252147247765,0.16793786053180507,0.0,0.0
254,2015-07-28,13.269,14.8583,17.3586,14.5418,492915.0,0.0,0.0,0.0964236519799837,0.3214121732666125
255,2015-07-27,15.774,15.078,17.3405,14.5393,457864.0,0.3175443565909773,0.42196629670573876,0.373422608373468,0.3667613514110898
256,2015-07-24,14.176,14.9715,16.56,14.4536,642708.0,0.22360679774997896,0.20736441353327723,0.18708286933869708,0.29202953617742156
257,2015-07-23,12.98,14.9134,16.488,14.4501,394600.0,0.0,0.0,0.4673278472383255,0.3317870471071756
258,2015-07-22,12.466,14.8925,15.7684,14.3565,561428.0,0.17795130420052185,0.19955970052611846,0.31552052624090693,0.25990321742980455
259,2015-07-21,12.751,14.8646,15.8444,14.3583,645320.0,0.175,0.30982185741702173,0.20653389552322882,0.22629114496963126
260,2015-07-20,12.29,14.8906,16.2122,14.3998,549550.0,0.02357022603955163,0.1885618083164127,0.0,0.0
261,2015-07-16,11.887,15.0009,15.6938,14.3903,452963.0,0.33213325638966057,0.3591750219998203,0.39247863766934593,0.366314766200474
262,2015-07-15,13.314,15.1255,16.0876,14.4089,423460.0,0.2808144392856157,0.40973434247687696,0.21368786149944005,0.4587119648174295
263,2015-07-14,13.181,15.1952,16.1247,14.4089,517493.0,0.2,0.35,0.0714285714285714,0.3171993595098663
264,2015-07-13,13.765,15.2162,15.6453,14.3615,511372.0,0.4010403138505322,0.507444578254611,0.29416587975972813,0.42136929566988307
265,2015-07-10,16.691,15.2108,15.3514,14.3811,472609.0,0.4105226017947881,0.2868697242358063,0.29957531669076204,0.3169954433601706
266,2015-07-08,19.743,14.8232,14.5157,14.2949,433881.0,0.14142135623730953,0.07071067811865477,0.23864853865045982,0.2681113211998993
267,2013-12-24,12.0054,12.9813,10.2929,12.6644,99589.0,0.3522524522603878,0.24507751459125385,0.2677768611381324,0.31834756084821886
268,2013-11-29,11.8709,12.5919,12.0582,12.9209,271515.0,0.5798107928932985,0.16916666666666666,0.08026267799808243,0.18040369325807126
269,2012-12-24,18.4502,17.2396,,,,0.07740296511287187,0.18404611418255862,0.22360679774997896,0.34986953770746865
270,2012-11-23,15.8007,18.3276,,,,0.33777178944670877,0.34625738966003294,0.3236694374850749,0.20701966780270628
